{ "compressionlevel":-1,
 "height":30,
 "infinite":false,
 "layers":[
        {
         "data":[0, 0, 0, 0, 0, 0, 0, 0, 0, 0, 0, 0, 0, 0, 0, 0, 0, 0, 0, 0, 0, 0, 0, 0, 0, 0, 0, 0, 0, 0, 0, 0, 0, 0, 0, 0, 0, 0, 0, 0, 0, 0, 0, 0, 0, 0, 0, 0, 0, 0, 0, 0, 0, 0, 0, 0, 0, 0, 0, 0, 0, 0, 0, 0, 0, 0, 0, 0, 0, 0, 0, 0, 0, 0, 0, 0, 0, 0, 0, 0, 0, 0, 0, 0, 0, 0, 0, 0, 0, 0, 0, 0, 0, 0, 0, 0, 0, 0, 0, 0, 0, 0, 0, 0, 0, 0, 0, 0, 0, 0, 0, 0, 0, 0, 0, 0, 0, 0, 0, 0, 0, 0, 0, 0, 0, 0, 0, 0, 0, 0, 0, 0, 0, 0, 0, 0, 0, 0, 0, 0, 0, 0, 0, 0, 0, 0, 0, 0, 0, 0, 0, 0, 0, 0, 0, 0, 0, 0, 0, 0, 0, 0, 0, 0, 0, 0, 0, 0, 0, 0, 0, 0, 0, 0, 0, 0, 0, 0, 0, 0, 0, 0, 0, 0, 0, 0, 0, 0, 0, 0, 0, 0, 0, 0, 0, 0, 0, 0, 0, 0, 0, 0, 0, 0, 0, 0, 0, 0, 0, 0, 0, 0, 0, 0, 0, 0, 0, 0, 0, 0, 0, 0, 0, 0, 0, 0, 0, 0, 0, 0, 0, 0, 0, 0, 0, 0, 0, 0, 0, 0, 0, 0, 0, 0, 0, 0, 0, 0, 0, 0, 0, 0, 0, 0, 0, 0, 0, 0, 0, 0, 0, 0, 0, 0, 0, 0, 0, 0, 0, 0, 0, 0, 0, 0, 0, 0, 0, 0, 0, 0, 0, 0, 0, 0, 0, 0, 0, 0, 0, 0, 0, 0, 0, 0, 0, 0, 0, 0, 0, 0, 0, 0, 0, 0, 0, 0, 0, 0, 0, 0, 0, 0, 0, 0, 0, 0, 0, 0, 0, 0, 0, 0, 0, 0, 0, 0, 0, 0, 0, 0, 0, 0, 0, 0, 0, 0, 0, 0, 0, 0, 0, 0, 0, 0, 0, 0, 0, 0, 0, 0, 0, 0, 0, 0, 0, 0, 0, 0, 0, 0, 0, 0, 0, 0, 0, 0, 0, 0, 0, 0, 0, 0, 0, 0, 0, 0, 0, 0, 0, 0, 0, 0, 0, 0, 0, 0, 0, 0, 0, 0, 0, 0, 0, 0, 0, 0, 0, 0, 0, 0, 0, 0, 0, 0, 0, 0, 0, 0, 0, 0, 0, 0, 0, 0, 0, 0, 0, 0, 0, 0, 0, 0, 0, 0, 0, 0, 0, 0, 0, 0, 0, 0, 0, 0, 0, 0, 0, 0, 0, 0, 0, 0, 0, 0, 0, 0, 0, 0, 0, 0, 0, 0, 0, 0, 0, 0, 0, 0, 0, 0, 0, 0, 0, 0, 0, 0, 0, 0, 0, 0, 0, 0, 0, 0, 0, 0, 0, 0, 0, 0, 0, 0, 0, 0, 0, 0, 0, 0, 0, 0, 0, 0, 0, 0, 0, 0, 0, 0, 0, 0, 0, 0, 0, 0, 0, 0, 0, 0, 0, 0, 0, 0, 0, 0, 0, 0, 0, 0, 0, 0, 0, 0, 0, 0, 0, 0, 0, 0, 0, 0, 0, 0, 0, 0, 0, 0, 0, 0, 0, 0, 0, 0, 0, 0, 0, 0, 0, 0, 0, 0, 0, 0, 0, 0, 0, 0, 0, 0, 0, 0, 0, 0, 0, 0, 0, 0, 0, 0, 0, 0, 0, 0, 0, 0, 0, 0, 0, 0, 0, 0, 0, 0, 0, 0, 0, 0, 0, 0, 0, 0, 0, 0, 0, 0, 0, 0, 0, 0, 0, 0, 0, 0, 0, 0, 0, 0, 0, 0, 0, 0, 0, 0, 0, 0, 0, 0, 0, 0, 0, 0, 0, 0, 0, 0, 0, 0, 0, 0, 0, 0, 0, 0, 0, 0, 0, 0, 0, 0, 0, 0, 0, 0, 0, 0, 0, 0, 0, 0, 0, 0, 0, 0, 0, 0, 0, 0, 0, 0, 0, 0, 0, 0, 0, 0, 0, 0, 0, 0, 0, 0, 0, 0, 0, 0, 0, 0, 0, 0, 0, 0, 0, 0, 0, 0, 0, 0, 0, 0, 0, 0, 0, 0, 0, 0, 0, 0, 0, 0, 0, 0, 0, 0, 0, 0, 0, 0, 0, 0, 0, 0, 0, 0, 0, 0, 0, 0, 0, 0, 0, 0, 0, 0, 0, 0, 0, 0, 0, 0, 0, 0, 0, 0, 0, 0, 0, 0, 0, 0, 0, 0, 0, 0, 0, 0, 0, 0, 0, 0, 0, 0, 0, 0, 0, 0, 0, 0, 0, 0, 0, 0, 0, 0, 0, 0, 0, 0, 0, 0, 0, 0, 0, 0, 0, 0, 0, 0, 0, 0, 0, 0, 0, 0, 0, 0, 0, 0, 0, 0, 0, 0, 0, 0, 0, 0, 0, 0, 0, 0, 0, 0, 0, 0, 0, 0, 0, 0, 0, 0, 0, 0, 0, 0, 0, 0, 0, 0, 0, 0, 0, 0, 0, 0, 0, 0, 0, 0, 0, 0, 0, 0, 0, 0, 0, 0, 0, 0, 0, 0, 0, 0, 0, 0, 0, 0, 0, 0, 0, 0, 0, 0, 0, 0, 0, 0, 0, 0, 0, 0, 0, 0, 0, 0, 0, 0, 0, 0, 0, 0, 0, 0, 0, 0, 0, 0, 0, 0, 0, 0, 0, 0, 0, 0, 0, 0, 0, 0, 0, 0, 0, 0, 0, 0, 0, 0, 0, 0, 0, 0, 0, 0, 0, 0, 0, 0, 0, 0, 0, 0, 0, 0, 0, 0, 0, 0, 0, 0, 0, 0, 0, 0, 0, 0, 0, 0, 0, 0, 0, 0, 0, 0, 0, 0, 0, 0, 0, 0, 0, 0, 0, 0, 0, 0, 0, 0, 0, 0, 0, 0, 0, 0, 0, 0, 0, 0, 0, 0, 0, 0, 0, 0, 0, 0, 0, 0, 0, 0, 0, 0, 0, 0, 0, 0, 0, 0, 0, 0, 0, 0, 0, 0, 0, 0, 0, 0, 0, 0, 0, 0, 0, 0, 0, 0, 0, 0, 0, 0, 0, 0, 0, 0, 0, 0, 0, 0, 0, 0, 0, 0, 0, 0, 0, 0, 0, 0, 0, 0, 0, 0, 0, 0, 0, 0, 0, 0, 0, 0, 0, 0, 0, 0, 0, 0, 0, 0, 0, 0, 0, 0, 0, 0, 0, 0, 0, 0, 0, 0, 0, 0, 0, 0, 0, 0, 0, 0, 0, 0, 0, 0, 0, 0, 0, 0, 0, 0, 0, 0, 0, 0, 0, 0, 0, 0, 0, 0, 0, 0, 0, 0, 0, 0, 0, 0, 0, 0, 0, 0, 0, 0, 0, 0, 0, 0, 0, 0, 0, 0, 0, 0, 0, 0, 0, 0, 0, 0, 0, 0, 0, 0, 0, 0, 0, 0, 0, 0, 0, 0, 0, 0, 0, 0, 0, 0, 0, 0, 0, 0, 0, 0, 0, 0, 0, 0, 0, 0, 0, 0, 0, 0, 0, 0, 0, 0, 0, 0, 0, 0, 0, 0, 0, 0, 0, 0, 0, 0, 0, 0, 0, 0, 0, 0, 0, 0, 0, 0, 0, 0, 0, 0, 0, 0, 0, 0, 0, 0, 0, 0, 0, 0, 0, 0, 0, 0, 0, 0, 0, 0, 0, 0, 0, 0, 0, 0, 0, 0, 0, 0, 0, 0, 0, 0, 0, 0, 0, 0, 0, 0, 0, 0, 0, 0, 0, 0, 0, 0, 0, 0, 0, 0, 0, 0, 0, 0, 0, 0, 0, 0, 0, 0, 0, 0, 0, 0, 0, 0, 0, 0, 0, 0, 0, 0, 0, 0, 0, 0, 0, 0, 0, 0, 0, 0, 0, 0, 0, 0, 0, 0, 0, 0, 0, 0, 0, 0, 0, 0, 0, 0, 0, 0, 0, 0, 0, 0, 0, 0, 0, 0, 0, 0, 0, 0, 0, 0, 0, 0, 0, 0, 0, 0, 0, 0, 0, 0, 0, 0, 0, 0, 0, 0, 0, 0, 0, 0, 0, 0, 0, 0, 0, 0, 0, 0, 0, 0, 0, 0, 0, 0, 0, 0, 0, 0, 0, 0, 0, 0, 0, 0, 0, 0, 0, 0, 0, 0, 0, 0, 0, 0, 0, 0, 0, 0, 0, 0, 0, 0, 0, 0, 0, 0, 0, 0, 0, 0, 0, 0, 0, 0, 0, 0, 0, 0, 0, 0, 0, 0, 0, 0, 0, 0, 0, 0, 0, 0, 0, 0, 0, 0, 0, 0, 0, 0, 0, 0, 0, 0, 0, 0, 0, 0, 0, 0, 0, 0, 0, 0, 0, 0, 0, 0, 0, 0, 0, 0, 0, 0, 0, 0, 0, 0, 0, 0, 0, 0, 0, 0, 0, 0, 0, 0, 0, 0, 0, 0, 0, 0, 0, 0, 0, 0, 0, 0, 0, 0, 0, 0, 0, 0, 0, 0, 0, 0, 0, 0, 0, 0, 0, 0, 0, 0, 0, 0, 0, 0, 0, 0, 0, 0, 0, 0, 0, 0, 0, 0, 0, 0, 0, 0, 0, 0, 0, 0, 0, 0, 0, 0, 0, 0, 0, 0, 0, 0, 0, 0, 0, 0, 0, 0, 0, 0, 0, 0, 0, 0, 0, 0, 0, 0, 0, 0, 0, 0],
         "height":30,
         "id":1,
         "name":"bg",
         "opacity":1,
         "type":"tilelayer",
         "visible":true,
         "width":50,
         "x":0,
         "y":0
        }, 
        {
         "data":[0, 0, 0, 0, 0, 0, 0, 0, 0, 0, 0, 0, 0, 0, 0, 0, 0, 0, 0, 0, 0, 0, 0, 0, 0, 0, 0, 0, 0, 0, 0, 0, 0, 0, 0, 0, 0, 0, 0, 0, 0, 0, 0, 0, 0, 0, 0, 0, 0, 0, 0, 0, 0, 0, 0, 0, 0, 0, 0, 0, 0, 0, 0, 0, 0, 0, 0, 0, 0, 0, 0, 0, 0, 0, 0, 0, 0, 0, 0, 0, 0, 0, 0, 0, 0, 0, 0, 0, 0, 0, 0, 0, 0, 0, 0, 0, 0, 0, 0, 0, 0, 0, 0, 0, 0, 0, 0, 0, 0, 0, 0, 0, 0, 0, 0, 0, 0, 0, 0, 0, 0, 0, 0, 0, 0, 0, 0, 0, 0, 0, 0, 0, 0, 0, 0, 0, 0, 0, 0, 0, 0, 0, 0, 0, 0, 0, 0, 0, 0, 0, 0, 0, 0, 0, 0, 0, 0, 0, 0, 0, 0, 0, 0, 0, 0, 0, 0, 0, 0, 0, 0, 0, 0, 0, 0, 0, 0, 0, 0, 0, 0, 0, 0, 0, 0, 0, 0, 0, 0, 0, 0, 0, 0, 0, 0, 0, 0, 0, 0, 0, 0, 0, 0, 0, 0, 0, 0, 0, 0, 0, 0, 0, 0, 0, 0, 0, 0, 0, 0, 0, 0, 0, 0, 0, 0, 0, 0, 0, 0, 0, 0, 0, 0, 0, 0, 0, 0, 0, 0, 0, 0, 0, 0, 0, 0, 0, 0, 0, 0, 0, 0, 0, 0, 0, 0, 0, 0, 0, 0, 0, 0, 0, 0, 0, 0, 0, 0, 0, 0, 0, 0, 0, 0, 0, 0, 0, 0, 0, 0, 0, 0, 0, 0, 0, 0, 0, 0, 0, 0, 0, 0, 0, 0, 0, 0, 0, 0, 0, 0, 0, 0, 0, 0, 0, 0, 0, 0, 0, 0, 0, 0, 0, 0, 0, 0, 0, 0, 0, 0, 0, 0, 0, 0, 0, 0, 0, 0, 0, 0, 0, 0, 0, 0, 0, 0, 0, 0, 0, 0, 0, 0, 0, 0, 0, 0, 0, 0, 0, 0, 0, 0, 0, 0, 0, 0, 0, 0, 0, 0, 0, 0, 0, 0, 0, 0, 0, 0, 0, 0, 0, 0, 0, 0, 0, 0, 0, 0, 0, 0, 0, 0, 0, 0, 0, 0, 0, 0, 0, 0, 0, 0, 0, 0, 0, 0, 0, 0, 0, 0, 0, 0, 0, 0, 0, 0, 0, 0, 0, 0, 0, 0, 0, 0, 0, 0, 0, 0, 0, 0, 0, 0, 0, 0, 0, 0, 0, 0, 0, 0, 0, 0, 0, 0, 0, 0, 0, 0, 0, 0, 0, 0, 0, 0, 0, 0, 0, 0, 0, 0, 0, 0, 0, 0, 0, 0, 0, 0, 0, 0, 0, 0, 0, 0, 0, 0, 0, 0, 0, 0, 0, 0, 0, 0, 0, 0, 0, 0, 0, 0, 0, 0, 0, 0, 0, 0, 0, 0, 0, 0, 0, 0, 0, 0, 0, 0, 0, 0, 0, 0, 0, 0, 0, 0, 0, 0, 0, 0, 0, 0, 0, 0, 0, 0, 0, 0, 0, 0, 0, 0, 0, 0, 0, 0, 0, 0, 0, 0, 0, 0, 0, 0, 0, 0, 0, 0, 0, 0, 0, 0, 0, 0, 0, 0, 0, 0, 0, 0, 0, 0, 0, 0, 0, 0, 0, 0, 0, 0, 0, 0, 0, 0, 0, 0, 0, 0, 0, 0, 0, 0, 0, 0, 0, 0, 0, 0, 0, 0, 0, 0, 0, 0, 0, 0, 0, 0, 0, 0, 0, 0, 0, 0, 0, 0, 0, 0, 0, 0, 0, 0, 0, 0, 0, 0, 0, 0, 0, 0, 0, 0, 0, 0, 0, 0, 0, 0, 0, 0, 0, 0, 0, 0, 0, 0, 0, 0, 0, 0, 0, 0, 0, 0, 0, 0, 0, 0, 0, 0, 0, 0, 0, 0, 0, 0, 0, 0, 0, 0, 0, 0, 0, 0, 0, 0, 0, 0, 0, 0, 0, 0, 0, 0, 0, 0, 0, 0, 0, 0, 0, 0, 0, 0, 0, 0, 0, 0, 0, 0, 0, 0, 0, 0, 0, 0, 0, 0, 0, 0, 0, 0, 0, 0, 0, 0, 0, 0, 0, 0, 0, 0, 0, 0, 0, 0, 0, 0, 0, 0, 0, 0, 0, 0, 0, 0, 0, 0, 0, 0, 0, 0, 0, 0, 0, 0, 0, 0, 0, 0, 0, 0, 0, 0, 0, 0, 0, 0, 0, 0, 0, 0, 0, 0, 0, 0, 0, 0, 0, 0, 0, 0, 0, 0, 0, 0, 0, 0, 0, 0, 0, 0, 0, 0, 0, 0, 0, 0, 0, 0, 0, 0, 0, 0, 0, 0, 0, 0, 0, 0, 0, 0, 0, 0, 0, 0, 0, 0, 0, 0, 0, 0, 0, 0, 0, 0, 0, 0, 0, 0, 0, 0, 0, 0, 0, 0, 0, 0, 0, 0, 0, 0, 0, 0, 0, 0, 0, 0, 0, 0, 0, 0, 0, 0, 0, 0, 0, 0, 0, 0, 0, 0, 0, 0, 0, 0, 0, 0, 0, 0, 0, 0, 0, 0, 0, 0, 0, 0, 0, 0, 0, 0, 0, 0, 0, 0, 0, 0, 0, 0, 0, 0, 0, 0, 0, 0, 0, 0, 0, 0, 0, 0, 0, 0, 0, 0, 0, 0, 0, 0, 0, 0, 0, 0, 0, 0, 0, 0, 0, 0, 0, 0, 0, 0, 0, 0, 0, 0, 0, 0, 0, 0, 0, 0, 0, 0, 0, 0, 0, 0, 0, 0, 0, 0, 0, 0, 0, 0, 0, 0, 0, 0, 0, 0, 0, 0, 0, 0, 0, 0, 0, 0, 0, 0, 0, 0, 0, 0, 0, 0, 0, 0, 0, 0, 0, 0, 0, 0, 0, 0, 0, 0, 0, 0, 0, 0, 0, 0, 0, 0, 0, 0, 0, 0, 0, 0, 0, 0, 0, 0, 0, 0, 0, 0, 0, 0, 0, 0, 0, 0, 0, 0, 0, 0, 0, 0, 0, 0, 0, 0, 0, 0, 0, 0, 0, 0, 0, 0, 0, 0, 0, 0, 0, 0, 0, 0, 0, 0, 0, 0, 0, 0, 0, 0, 0, 0, 0, 0, 0, 0, 0, 0, 0, 0, 0, 0, 0, 0, 0, 0, 0, 0, 0, 0, 0, 0, 0, 0, 0, 0, 0, 0, 0, 0, 0, 0, 0, 0, 0, 0, 0, 0, 0, 0, 0, 0, 0, 0, 0, 0, 0, 0, 0, 0, 0, 0, 0, 0, 0, 0, 0, 0, 0, 0, 0, 0, 0, 0, 0, 0, 0, 0, 0, 0, 0, 0, 0, 0, 0, 0, 0, 0, 0, 0, 0, 0, 0, 0, 0, 0, 0, 0, 0, 0, 0, 0, 0, 0, 0, 0, 0, 0, 0, 0, 0, 0, 0, 0, 0, 0, 0, 0, 0, 0, 0, 0, 0, 0, 0, 0, 0, 0, 0, 0, 0, 0, 0, 0, 0, 0, 0, 0, 0, 0, 0, 0, 0, 0, 0, 0, 0, 0, 0, 0, 0, 0, 0, 0, 0, 0, 0, 0, 0, 0, 0, 0, 0, 0, 0, 0, 0, 0, 0, 0, 0, 0, 0, 0, 0, 0, 0, 0, 0, 0, 0, 0, 0, 0, 0, 0, 0, 0, 0, 0, 0, 0, 0, 0, 0, 0, 0, 0, 0, 0, 0, 0, 0, 0, 0, 0, 0, 0, 0, 0, 0, 0, 0, 0, 0, 0, 0, 0, 0, 0, 0, 0, 0, 0, 0, 0, 0, 0, 0, 0, 0, 0, 0, 0, 0, 0, 0, 0, 0, 0, 0, 0, 0, 0, 0, 0, 0, 0, 0, 0, 0, 0, 0, 0, 0, 0, 0, 0, 0, 0, 0, 0, 0, 0, 0, 0, 0, 0, 0, 0, 0, 0, 0, 0, 0, 0, 0, 0, 0, 0, 0, 0, 0, 0, 0, 0, 0, 0, 0, 0, 0, 0, 0, 0, 0, 0, 0, 0, 0, 0, 0, 0, 0, 0, 0, 0, 0, 0, 0, 0, 0, 0, 0, 0, 0, 0, 0, 0, 0, 0, 0, 0, 0, 0, 0, 0, 0, 0, 0, 0, 0, 0, 0, 0, 0, 0, 0, 0, 0, 0, 0, 0, 0, 0, 0, 0, 0, 0, 0, 0, 0, 0, 0, 0, 0, 0, 0, 0, 0, 0, 0, 0, 0, 0, 0, 0, 0, 0, 0, 0, 0, 0, 0, 0, 0, 0, 0, 0, 0, 0, 0, 0, 0, 0, 0, 0, 0, 0, 0, 0, 0, 0, 0, 0, 0, 0, 0, 0, 0, 0, 0, 0, 0, 0, 0, 0, 0, 0, 0, 0, 0, 0, 0, 0, 0, 0, 0, 0, 0, 0, 0, 0, 0, 0, 0, 0, 0, 0, 0, 0, 0, 0, 0, 0, 0, 0, 0, 0, 0, 0, 0, 0, 0, 0, 0, 0, 0, 0, 0, 0, 0, 0, 0, 0, 0, 0, 0, 0, 0, 0, 0, 0, 0, 0, 0, 0, 0, 0, 0, 0, 0, 0, 0, 0, 0, 0, 0, 0, 0, 0, 0, 0, 0, 0, 0, 0, 0, 0, 0, 0, 0, 0, 0, 0, 0, 0, 0, 0, 0],
         "height":30,
         "id":16,
         "name":"mg",
         "opacity":1,
         "type":"tilelayer",
         "visible":true,
         "width":50,
         "x":0,
         "y":0
        }, 
        {
         "data":[1196, 1197, 1196, 1197, 1196, 1197, 1196, 1197, 1196, 1197, 1196, 1197, 1196, 1197, 1196, 1196, 1196, 1196, 1196, 1196, 1196, 1196, 1196, 1196, 1196, 1196, 1196, 1196, 1196, 1196, 1196, 1196, 1196, 1196, 1196, 1196, 1196, 1196, 1196, 1196, 1196, 1196, 1196, 1196, 1196, 1196, 1196, 1196, 1196, 1196, 0, 0, 0, 0, 0, 0, 0, 0, 0, 0, 0, 0, 1197, 1196, 1197, 1196, 1196, 1196, 1196, 1196, 1196, 1196, 1196, 1196, 1196, 1196, 1196, 1196, 1196, 1196, 1196, 1196, 1196, 1196, 1196, 1196, 1196, 1196, 1196, 1196, 1196, 1196, 1196, 1196, 1196, 1196, 1196, 1196, 1196, 1196, 0, 0, 0, 0, 0, 0, 0, 0, 0, 0, 0, 0, 1196, 1197, 1196, 1196, 1196, 1196, 1196, 1196, 1196, 1196, 1196, 1196, 1196, 1196, 1196, 1196, 1196, 1196, 1196, 1196, 1196, 1196, 1196, 1196, 1196, 1196, 1196, 1196, 1196, 1196, 1196, 1196, 1196, 1196, 1196, 1196, 1196, 1196, 0, 0, 0, 0, 0, 0, 0, 1198, 0, 0, 0, 0, 1197, 1196, 1197, 1196, 1196, 1196, 1196, 1196, 1196, 1196, 1196, 1196, 1196, 1196, 1196, 1196, 1196, 1196, 1196, 1196, 1196, 1196, 1196, 1196, 1196, 1196, 1196, 1196, 1196, 1196, 1196, 1196, 1196, 1196, 1196, 1196, 1196, 1196, 0, 0, 0, 0, 0, 0, 1198, 1199, 1198, 0, 0, 1198, 1196, 1197, 1196, 1196, 1196, 1196, 1196, 1196, 1196, 1196, 1196, 1196, 1196, 1196, 1196, 1196, 1196, 1196, 1196, 1196, 1196, 1196, 1196, 1196, 1196, 1196, 1196, 1196, 1196, 1196, 1196, 1196, 1196, 1196, 1196, 1196, 1196, 1196, 0, 0, 0, 0, 0, 0, 1199, 1198, 1199, 0, 0, 1199, 1197, 1196, 1197, 1196, 1196, 1196, 1196, 1196, 1196, 1196, 1196, 1196, 1196, 1196, 1196, 1196, 1196, 1196, 1196, 1196, 1196, 1196, 1196, 1196, 1196, 1196, 1196, 1196, 1196, 1196, 1196, 1196, 1196, 1196, 1196, 1196, 1196, 1196, 1197, 1196, 1197, 1196, 1197, 1196, 1197, 1196, 1198, 0, 0, 1198, 1196, 1197, 1196, 1197, 1196, 1197, 1196, 1197, 1196, 1197, 1196, 1197, 1196, 1197, 1196, 1197, 1196, 1197, 1196, 1197, 1196, 1197, 1196, 1197, 1196, 1197, 1196, 1197, 1196, 1197, 1196, 1197, 1196, 1197, 1196, 1197, 1196, 1196, 1196, 1197, 1196, 1197, 1196, 1197, 1196, 1197, 1199, 0, 0, 1199, 1197, 1196, 1197, 1196, 1197, 1196, 1197, 1196, 1197, 1196, 1197, 1196, 1197, 1196, 1197, 1196, 1197, 1196, 1197, 1196, 1197, 1196, 1197, 1196, 1197, 1196, 1197, 1196, 1197, 1196, 1197, 1196, 1197, 1196, 1197, 1196, 1197, 1196, 1197, 1196, 1197, 1196, 1197, 1196, 1197, 1196, 1198, 0, 0, 1198, 1196, 1197, 1196, 1197, 1196, 1197, 1196, 1197, 1196, 1197, 1196, 1197, 1196, 1197, 1196, 1197, 1196, 1197, 1196, 1197, 1196, 1197, 1196, 1197, 1196, 1197, 1196, 1197, 1196, 1197, 1196, 1197, 1196, 1197, 1196, 1197, 1196, 1197, 1196, 1197, 1196, 1197, 1196, 1197, 1196, 1197, 1199, 0, 0, 1199, 1197, 1196, 1197, 1196, 1197, 1196, 0, 0, 0, 0, 0, 0, 0, 0, 0, 1199, 1198, 0, 0, 0, 0, 0, 0, 0, 0, 0, 0, 0, 0, 0, 0, 0, 0, 0, 0, 1196, 1197, 1196, 1196, 1196, 1197, 1196, 1197, 1196, 1197, 1196, 1198, 0, 0, 1198, 1196, 1197, 1196, 1197, 1196, 1197, 0, 0, 0, 0, 0, 0, 0, 0, 0, 1198, 1199, 0, 0, 0, 0, 0, 0, 0, 0, 0, 0, 0, 1199, 1198, 0, 0, 0, 0, 0, 1197, 1196, 1197, 1196, 1197, 1196, 0, 0, 0, 1199, 1198, 1199, 0, 0, 1199, 1197, 1196, 1197, 1196, 1197, 1196, 0, 0, 0, 0, 0, 0, 0, 0, 0, 1196, 1197, 0, 0, 0, 1199, 1198, 0, 0, 0, 0, 0, 0, 1198, 1199, 0, 0, 0, 0, 0, 1196, 1197, 1196, 1197, 1196, 1197, 0, 0, 0, 0, 0, 0, 0, 0, 0, 1196, 1197, 1196, 1197, 1196, 1197, 0, 0, 0, 0, 0, 0, 0, 0, 0, 0, 0, 0, 0, 0, 1198, 1199, 0, 0, 0, 0, 0, 0, 1199, 1198, 0, 0, 0, 0, 0, 1197, 1196, 1197, 1196, 1197, 1196, 0, 0, 0, 0, 0, 0, 0, 0, 0, 1197, 1196, 1197, 1196, 1197, 1196, 0, 0, 0, 0, 0, 0, 0, 0, 0, 1197, 1196, 0, 0, 0, 1199, 1198, 0, 0, 1199, 1198, 0, 0, 1198, 1199, 0, 0, 0, 0, 0, 1196, 1197, 1196, 1197, 1196, 1197, 0, 0, 0, 0, 0, 0, 0, 0, 0, 1196, 1197, 1196, 1197, 1196, 1197, 0, 0, 0, 0, 0, 0, 0, 0, 0, 1199, 1198, 0, 0, 0, 1198, 1199, 0, 0, 1198, 1199, 0, 0, 0, 0, 0, 0, 0, 0, 0, 1197, 1196, 1197, 1196, 1197, 1196, 0, 0, 0, 1198, 1199, 1198, 0, 0, 0, 1197, 1196, 1197, 1196, 1197, 1196, 0, 0, 0, 0, 0, 0, 0, 0, 0, 1198, 1199, 0, 0, 0, 0, 0, 0, 0, 1199, 1198, 0, 0, 0, 0, 0, 0, 0, 0, 0, 1196, 1197, 1196, 1197, 1196, 1197, 0, 0, 0, 1199, 1198, 1199, 0, 0, 0, 1196, 1197, 1196, 1197, 1196, 1197, 0, 0, 0, 0, 1197, 1196, 1197, 1196, 1197, 1196, 1197, 1196, 1197, 1196, 1197, 1196, 1197, 1196, 1197, 1196, 1197, 1196, 1197, 1196, 1198, 0, 0, 1198, 1199, 1197, 1196, 1197, 1196, 1197, 1196, 0, 0, 1196, 1197, 1196, 1197, 1196, 1197, 1196, 1197, 1196, 1197, 1196, 1197, 1196, 0, 0, 0, 0, 1196, 1197, 1196, 1197, 1196, 1197, 1196, 1197, 1196, 1197, 1196, 1197, 1196, 1197, 1196, 1197, 1196, 1197, 1196, 1197, 1199, 0, 0, 1199, 1198, 1196, 1197, 1196, 1197, 1196, 1197, 0, 0, 1197, 1196, 1197, 1196, 1197, 1196, 1197, 1196, 1197, 1196, 1197, 1196, 1197, 0, 0, 0, 0, 1197, 1196, 1197, 1196, 1197, 1196, 1197, 1196, 1197, 1196, 1197, 1196, 1197, 1196, 1197, 1196, 1197, 1196, 1197, 1196, 1198, 0, 0, 1198, 1199, 1197, 1196, 1197, 1196, 1197, 1196, 0, 0, 1196, 1197, 1196, 1197, 1196, 1197, 1196, 1197, 1196, 1197, 1196, 1198, 1199, 0, 0, 0, 0, 1196, 1197, 1196, 1196, 1196, 1196, 1196, 1196, 1196, 1196, 1196, 1196, 1196, 1196, 1196, 1196, 1196, 1197, 1196, 1197, 1199, 0, 0, 1199, 1198, 1196, 1197, 1196, 1197, 1196, 1197, 0, 0, 1197, 1196, 1197, 1196, 1197, 1196, 1198, 1199, 1197, 1196, 1197, 1199, 1198, 0, 0, 0, 0, 1197, 1196, 1197, 1196, 1196, 1196, 1196, 1196, 1196, 1196, 1196, 1196, 1196, 1196, 1196, 1196, 1196, 1196, 1197, 1196, 1198, 0, 0, 1198, 1199, 1197, 1196, 1197, 1196, 1197, 1196, 0, 0, 0, 0, 1199, 1198, 0, 0, 0, 0, 0, 0, 0, 0, 0, 0, 0, 0, 0, 1196, 1197, 1196, 1196, 1196, 1196, 1196, 1196, 1196, 1196, 1196, 1196, 1196, 1196, 1196, 1196, 1196, 1197, 1196, 1197, 1199, 0, 0, 1199, 1198, 1196, 1197, 1196, 1197, 1196, 1197, 0, 0, 0, 0, 1198, 1199, 0, 0, 0, 0, 0, 0, 0, 0, 0, 0, 0, 1198, 1199, 1197, 1196, 1197, 1196, 1196, 1196, 1196, 1196, 1196, 1196, 1196, 1196, 1196, 1196, 1196, 1196, 1196, 1196, 1197, 1196, 0, 0, 0, 0, 0, 1197, 1196, 1197, 1196, 1197, 1196, 0, 0, 0, 0, 1199, 1198, 0, 0, 0, 0, 0, 0, 0, 0, 0, 0, 0, 1199, 1198, 1196, 1197, 1196, 1196, 1196, 1196, 1196, 1196, 1196, 1196, 1196, 1196, 1196, 1196, 1196, 1196, 1196, 1197, 1196, 1197, 0, 0, 0, 0, 0, 1196, 1197, 1196, 1197, 1196, 1197, 0, 0, 0, 0, 0, 0, 0, 0, 1199, 1198, 0, 0, 1199, 1198, 1199, 0, 0, 1198, 1199, 1197, 1196, 1197, 1196, 1196, 1196, 1196, 1196, 1196, 1196, 1196, 1196, 1196, 1196, 1196, 1196, 1196, 1196, 1197, 1196, 1205, 1204, 1205, 1204, 1205, 1197, 1196, 1197, 1196, 1197, 1196, 1197, 1196, 1197, 1196, 1197, 1196, 1197, 1196, 1197, 1196, 1197, 1196, 1197, 1196, 1197, 1196, 1197, 1196, 1197, 1196, 1197, 1196, 1196, 1196, 1196, 1196, 1196, 1196, 1196, 1196, 1196, 1196, 1196, 1196, 1196, 1196, 1197, 1196, 1197, 1200, 1201, 1200, 1201, 1200, 1196, 1197, 1196, 1197, 1196, 1197, 1196, 1197, 1196, 1197, 1196, 1197, 1196, 1197, 1196, 1197, 1196, 1197, 1196, 1197, 1196, 1197, 1196, 1197, 1196, 1197, 1196, 1197, 1196, 1196, 1196, 1196, 1196, 1196, 1196, 1196, 1196, 1196, 1196, 1196, 1196, 1196, 1196, 1197, 1196, 0, 0, 0, 0, 0, 1197, 1196, 1197, 1196, 1197, 1196, 1197, 1196, 1197, 1196, 1197, 1196, 1197, 1196, 1197, 1196, 1197, 1196, 1197, 1196, 1197, 1196, 1197, 1196, 1197, 1196, 1197, 1196, 1196, 1196, 1196, 1196, 1196, 1196, 1196, 1196, 1196, 1196, 1196, 1196, 1196, 1196, 1197, 1196, 1197, 0, 0, 0, 0, 0, 1196, 1197, 1196, 1196, 1196, 1196, 1196, 1196, 1196, 1196, 1196, 1196, 1196, 1196, 1196, 1196, 1196, 1196, 1196, 1196, 1196, 1196, 1196, 1196, 1196, 1196, 1196, 1196, 1196, 1196, 1196, 1196, 1196, 1196, 1196, 1196, 1196, 1196, 1196, 1196, 1196, 1196, 1196, 1197, 1196, 0, 0, 0, 0, 0, 1197, 1196, 1197, 1196, 1196, 1196, 1196, 1196, 1196, 1196, 1196, 1196, 1196, 1196, 1196, 1196, 1196, 1196, 1196, 1196, 1196, 1196, 1196, 1196, 1196, 1196, 1196, 1196, 1196, 1196, 1196, 1196, 1196, 1196, 1196, 1196, 1196, 1196, 1196, 1196, 1196, 1196, 1197, 1196, 1197, 0, 0, 0, 0, 0, 1196, 1197, 1196],
         "height":30,
         "id":2,
         "name":"fg",
         "opacity":1,
         "type":"tilelayer",
         "visible":true,
         "width":50,
         "x":0,
         "y":0
        }, 
        {
         "data":[0, 0, 0, 0, 0, 0, 0, 0, 0, 0, 0, 0, 0, 0, 0, 0, 0, 0, 0, 0, 0, 0, 0, 0, 0, 0, 0, 0, 0, 0, 0, 0, 0, 0, 0, 0, 0, 0, 0, 0, 0, 0, 0, 0, 0, 0, 0, 0, 0, 0, 0, 0, 0, 0, 0, 0, 0, 0, 0, 0, 0, 0, 0, 0, 0, 0, 0, 0, 0, 0, 0, 0, 0, 0, 0, 0, 0, 0, 0, 0, 0, 0, 0, 0, 0, 0, 0, 0, 0, 0, 0, 0, 0, 0, 0, 0, 0, 0, 0, 0, 0, 0, 0, 0, 0, 0, 0, 0, 0, 0, 0, 0, 0, 0, 0, 0, 0, 0, 0, 0, 0, 0, 0, 0, 0, 0, 0, 0, 0, 0, 0, 0, 0, 0, 0, 0, 0, 0, 0, 0, 0, 0, 0, 0, 0, 0, 0, 0, 0, 0, 0, 0, 0, 0, 0, 0, 0, 0, 0, 0, 0, 0, 0, 0, 0, 0, 0, 0, 0, 0, 0, 0, 0, 0, 0, 0, 0, 0, 0, 0, 0, 0, 0, 0, 0, 0, 0, 0, 0, 0, 0, 0, 0, 0, 0, 0, 0, 0, 0, 0, 0, 0, 0, 0, 0, 0, 0, 0, 0, 0, 0, 0, 0, 0, 0, 0, 0, 0, 0, 0, 0, 0, 0, 0, 0, 0, 0, 0, 0, 0, 0, 0, 0, 0, 0, 0, 0, 0, 0, 0, 0, 0, 0, 0, 0, 0, 0, 0, 0, 0, 0, 0, 0, 0, 0, 0, 0, 0, 0, 0, 0, 0, 0, 0, 0, 0, 0, 0, 0, 0, 0, 0, 0, 0, 0, 0, 0, 0, 0, 0, 0, 0, 0, 0, 0, 0, 0, 0, 0, 0, 0, 0, 0, 0, 0, 0, 0, 0, 0, 0, 0, 0, 0, 0, 0, 0, 0, 0, 0, 0, 0, 0, 0, 0, 0, 0, 0, 0, 0, 0, 0, 0, 0, 0, 0, 0, 0, 0, 0, 0, 0, 0, 0, 0, 0, 0, 0, 0, 0, 0, 0, 0, 0, 0, 0, 0, 0, 0, 0, 0, 0, 0, 0, 0, 0, 0, 0, 0, 0, 0, 0, 0, 0, 0, 0, 0, 0, 0, 0, 0, 0, 0, 0, 0, 0, 0, 0, 0, 0, 0, 0, 0, 0, 0, 0, 0, 0, 0, 0, 0, 0, 0, 0, 0, 0, 0, 0, 0, 0, 0, 0, 0, 0, 0, 0, 0, 0, 0, 0, 0, 0, 0, 0, 0, 0, 0, 0, 0, 0, 0, 0, 0, 0, 0, 0, 0, 0, 0, 0, 0, 0, 0, 0, 0, 0, 0, 0, 0, 0, 0, 0, 0, 0, 0, 0, 0, 0, 0, 0, 0, 0, 0, 0, 0, 0, 0, 0, 0, 0, 0, 0, 0, 0, 0, 0, 0, 0, 0, 0, 0, 0, 0, 0, 0, 0, 0, 0, 0, 0, 0, 0, 0, 0, 0, 0, 0, 0, 0, 0, 0, 0, 0, 0, 0, 0, 0, 0, 0, 0, 0, 0, 0, 0, 0, 0, 0, 0, 0, 0, 0, 0, 0, 0, 0, 0, 0, 0, 0, 0, 0, 0, 0, 0, 0, 0, 0, 0, 0, 0, 0, 0, 0, 0, 0, 0, 0, 0, 0, 0, 0, 0, 0, 0, 0, 0, 0, 0, 0, 0, 0, 0, 0, 0, 0, 0, 0, 0, 0, 0, 0, 0, 0, 0, 0, 0, 0, 0, 0, 0, 0, 0, 0, 0, 0, 0, 0, 0, 0, 0, 0, 0, 0, 0, 0, 0, 0, 0, 0, 0, 0, 0, 0, 0, 0, 0, 0, 0, 0, 0, 0, 0, 0, 0, 0, 0, 0, 0, 0, 0, 0, 0, 0, 0, 0, 0, 0, 0, 0, 0, 0, 0, 0, 0, 0, 0, 0, 0, 0, 0, 0, 0, 0, 0, 0, 0, 0, 0, 0, 0, 0, 0, 0, 0, 0, 0, 0, 0, 0, 0, 0, 0, 0, 0, 0, 0, 0, 0, 0, 0, 0, 0, 0, 0, 0, 0, 0, 0, 0, 0, 0, 0, 0, 0, 0, 0, 0, 0, 0, 0, 0, 0, 0, 0, 0, 0, 0, 0, 0, 0, 0, 0, 0, 0, 0, 0, 0, 0, 0, 0, 0, 0, 0, 0, 0, 0, 0, 0, 0, 0, 0, 0, 0, 0, 0, 0, 0, 0, 0, 0, 0, 0, 0, 0, 0, 0, 0, 0, 0, 0, 0, 0, 0, 0, 0, 0, 0, 0, 0, 0, 0, 0, 0, 0, 0, 0, 0, 0, 0, 0, 0, 0, 0, 0, 0, 0, 0, 0, 0, 0, 0, 0, 0, 0, 0, 0, 0, 0, 0, 0, 0, 0, 0, 0, 0, 0, 0, 0, 0, 0, 0, 0, 0, 0, 0, 0, 0, 0, 0, 0, 0, 0, 0, 0, 0, 0, 0, 0, 0, 0, 0, 0, 0, 0, 0, 0, 0, 0, 0, 0, 0, 0, 0, 0, 0, 0, 0, 0, 0, 0, 0, 0, 0, 0, 0, 0, 0, 0, 0, 0, 0, 0, 0, 0, 0, 0, 0, 0, 0, 0, 0, 0, 0, 0, 0, 0, 0, 0, 0, 0, 0, 0, 0, 0, 0, 0, 0, 0, 0, 0, 0, 0, 0, 0, 0, 0, 0, 0, 0, 0, 0, 0, 0, 0, 0, 0, 0, 0, 0, 0, 0, 0, 0, 0, 0, 0, 0, 0, 0, 0, 0, 0, 0, 0, 0, 0, 0, 0, 0, 0, 0, 0, 0, 0, 0, 0, 0, 0, 0, 0, 0, 0, 0, 0, 0, 0, 0, 0, 0, 0, 0, 0, 0, 0, 0, 0, 0, 0, 0, 0, 0, 0, 0, 0, 0, 0, 0, 0, 0, 0, 0, 0, 0, 0, 0, 0, 0, 0, 0, 0, 0, 0, 0, 0, 0, 0, 0, 0, 0, 0, 0, 0, 0, 0, 0, 0, 0, 0, 0, 0, 0, 0, 0, 0, 0, 0, 0, 0, 0, 0, 0, 0, 0, 0, 0, 0, 0, 0, 0, 0, 0, 0, 0, 0, 0, 0, 0, 0, 0, 0, 0, 0, 0, 0, 0, 0, 0, 0, 0, 0, 0, 0, 0, 0, 0, 0, 0, 0, 0, 0, 0, 0, 0, 0, 0, 0, 0, 0, 0, 0, 0, 0, 0, 0, 0, 0, 0, 0, 0, 0, 0, 0, 0, 0, 0, 0, 0, 0, 0, 0, 0, 0, 0, 0, 0, 0, 0, 0, 0, 0, 0, 0, 0, 0, 0, 0, 0, 0, 0, 0, 0, 0, 0, 0, 0, 0, 0, 0, 0, 0, 0, 0, 0, 0, 0, 0, 0, 0, 0, 0, 0, 0, 0, 0, 0, 0, 0, 0, 0, 0, 0, 0, 0, 0, 0, 0, 0, 0, 0, 0, 0, 0, 0, 0, 0, 0, 0, 0, 0, 0, 0, 0, 0, 0, 0, 0, 0, 0, 0, 0, 0, 0, 0, 0, 0, 0, 0, 0, 0, 0, 0, 0, 0, 0, 0, 0, 0, 0, 0, 0, 0, 0, 0, 0, 0, 0, 0, 0, 0, 0, 0, 0, 0, 0, 0, 0, 0, 0, 0, 0, 0, 0, 0, 0, 0, 0, 0, 0, 0, 0, 0, 0, 0, 0, 0, 0, 0, 0, 0, 0, 0, 0, 0, 0, 0, 0, 0, 0, 0, 0, 0, 0, 0, 0, 0, 0, 0, 0, 0, 0, 0, 0, 0, 0, 0, 0, 0, 0, 0, 0, 0, 0, 0, 0, 0, 0, 0, 0, 0, 0, 0, 0, 0, 0, 0, 0, 0, 0, 0, 0, 0, 0, 0, 0, 0, 0, 0, 0, 0, 0, 0, 0, 0, 0, 0, 0, 0, 0, 0, 0, 0, 0, 0, 0, 0, 0, 0, 0, 0, 0, 0, 0, 0, 0, 0, 0, 0, 0, 0, 0, 0, 0, 0, 0, 0, 0, 0, 0, 0, 0, 0, 0, 0, 0, 0, 0, 0, 0, 0, 0, 0, 0, 0, 0, 0, 0, 0, 0, 0, 0, 0, 0, 0, 0, 0, 0, 0, 0, 0, 0, 0, 0, 0, 0, 0, 0, 0, 0, 0, 0, 0, 0, 0, 0, 0, 0, 0, 0, 0, 0, 0, 0, 0, 0, 0, 0, 0, 0, 0, 0, 0, 0, 0, 0, 0, 0, 0, 0, 0, 0, 0, 0, 0, 0, 0, 0, 0, 0, 0, 0, 0, 0, 0, 0, 0, 0, 0, 0, 0, 0, 0, 0, 0, 0, 0, 0, 0, 0, 0, 0, 0, 0, 0, 0, 0, 0, 0, 0, 0, 0, 0, 0, 0, 0, 0, 0, 0, 0, 0, 0, 0, 0, 0, 0, 0, 0, 0, 0, 0, 0, 0, 0, 0, 0, 0, 0, 0, 0, 0, 0, 0, 0, 0, 0, 0, 0, 0, 0, 0, 0, 0, 0, 0, 0, 0, 0, 0, 0, 0, 0, 0, 0, 0, 0, 0, 0, 0, 0, 0, 0, 0, 0, 0, 0, 0, 0, 0, 0, 0, 0, 0, 0, 0, 0, 0, 0, 0, 0, 0, 0, 0, 0, 0, 0, 0, 0, 0, 0, 0, 0, 0, 0, 0, 0, 0, 0, 0, 0, 0, 0, 0],
         "height":30,
         "id":14,
         "name":"secret",
         "opacity":1,
         "type":"tilelayer",
         "visible":true,
         "width":50,
         "x":0,
         "y":0
        }, 
        {
         "data":[1136, 1136, 1136, 1136, 1136, 1136, 1136, 1136, 1136, 1136, 1136, 1136, 1136, 0, 0, 0, 0, 0, 0, 0, 0, 0, 0, 0, 0, 0, 0, 0, 0, 0, 0, 0, 0, 0, 0, 0, 0, 0, 0, 0, 0, 0, 0, 0, 0, 0, 0, 0, 0, 0, 0, 0, 0, 0, 0, 0, 0, 0, 0, 0, 0, 0, 1136, 0, 0, 0, 0, 0, 0, 0, 0, 0, 0, 0, 0, 0, 0, 0, 0, 0, 0, 0, 0, 0, 0, 0, 0, 0, 0, 0, 0, 0, 0, 0, 0, 0, 0, 0, 0, 0, 0, 0, 0, 0, 0, 0, 0, 0, 0, 0, 0, 0, 1136, 0, 0, 0, 0, 0, 0, 0, 0, 0, 0, 0, 0, 0, 0, 0, 0, 0, 0, 0, 0, 0, 0, 0, 0, 0, 0, 0, 0, 0, 0, 0, 0, 0, 0, 0, 0, 0, 0, 0, 0, 0, 0, 0, 0, 1177, 0, 0, 0, 0, 1136, 0, 0, 0, 0, 0, 0, 0, 0, 0, 0, 0, 0, 0, 0, 0, 0, 0, 0, 0, 0, 0, 0, 0, 0, 0, 0, 0, 0, 0, 0, 0, 0, 0, 0, 0, 0, 0, 0, 0, 0, 0, 0, 0, 1177, 1177, 1177, 0, 0, 1177, 1136, 0, 0, 0, 0, 0, 0, 0, 0, 0, 0, 0, 0, 0, 0, 0, 0, 0, 0, 0, 0, 0, 0, 0, 0, 0, 0, 0, 0, 0, 0, 0, 0, 0, 0, 0, 0, 0, 0, 0, 0, 0, 0, 0, 1177, 1177, 1177, 0, 0, 1177, 1136, 0, 0, 0, 0, 0, 0, 0, 0, 0, 0, 0, 0, 0, 0, 0, 0, 0, 0, 0, 0, 0, 0, 0, 0, 0, 0, 0, 0, 0, 0, 0, 0, 0, 0, 0, 0, 0, 1136, 1136, 1136, 1136, 1136, 1136, 1136, 1136, 1177, 0, 0, 1177, 1136, 0, 0, 0, 0, 0, 0, 0, 0, 0, 0, 0, 0, 0, 0, 0, 0, 0, 0, 0, 0, 0, 0, 0, 0, 0, 0, 0, 0, 0, 0, 0, 0, 0, 0, 0, 0, 0, 0, 0, 0, 0, 0, 0, 0, 1136, 1177, 0, 0, 1177, 1136, 0, 0, 0, 0, 0, 0, 0, 0, 0, 0, 0, 0, 0, 0, 0, 0, 0, 0, 0, 0, 0, 0, 0, 0, 0, 0, 0, 0, 0, 0, 0, 0, 0, 0, 0, 0, 0, 0, 0, 0, 0, 0, 0, 0, 1136, 1177, 0, 0, 1177, 1136, 0, 0, 0, 0, 1136, 1136, 1136, 1136, 1136, 1136, 1136, 1136, 1136, 1136, 1136, 1136, 1136, 1136, 1136, 1136, 1136, 1136, 1136, 1136, 1136, 1136, 1136, 1136, 1136, 1136, 1136, 1136, 1136, 1136, 1136, 0, 0, 0, 0, 0, 0, 0, 0, 0, 1136, 1177, 0, 0, 1177, 1136, 0, 0, 0, 0, 1136, 0, 0, 0, 0, 0, 0, 0, 0, 0, 1177, 1177, 0, 0, 0, 0, 0, 0, 0, 0, 0, 0, 0, 0, 0, 0, 0, 0, 0, 0, 1136, 0, 0, 0, 0, 1136, 1136, 1136, 1136, 1136, 1136, 1177, 0, 0, 1177, 1136, 0, 0, 0, 0, 1136, 0, 0, 0, 0, 0, 0, 0, 0, 0, 1177, 1177, 0, 0, 0, 0, 0, 0, 0, 0, 0, 0, 0, 1177, 1177, 0, 0, 0, 0, 0, 1136, 0, 0, 0, 0, 1136, 0, 0, 0, 1177, 1177, 1177, 0, 0, 1177, 1136, 0, 0, 0, 0, 1136, 0, 0, 0, 0, 0, 0, 0, 0, 0, 1136, 1136, 0, 0, 0, 1177, 1177, 0, 0, 0, 0, 0, 0, 1177, 1177, 0, 0, 0, 0, 0, 1136, 0, 0, 0, 0, 1136, 0, 0, 0, 0, 0, 0, 0, 0, 0, 1136, 0, 0, 0, 0, 1136, 0, 0, 0, 0, 0, 0, 0, 0, 0, 0, 0, 0, 0, 0, 1177, 1177, 0, 0, 0, 0, 0, 0, 1177, 1177, 0, 0, 0, 0, 0, 1136, 0, 0, 0, 0, 1136, 0, 0, 0, 0, 0, 0, 0, 0, 0, 1136, 0, 0, 0, 0, 1136, 0, 0, 0, 0, 0, 0, 0, 0, 0, 1136, 1136, 0, 0, 0, 1177, 1177, 0, 0, 1177, 1177, 0, 0, 1177, 1177, 0, 0, 0, 0, 0, 1136, 0, 0, 0, 0, 1136, 0, 0, 0, 0, 0, 0, 0, 0, 0, 1136, 0, 0, 0, 0, 1136, 0, 0, 0, 0, 0, 0, 0, 0, 0, 1177, 1177, 0, 0, 0, 1177, 1177, 0, 0, 1177, 1177, 0, 0, 0, 0, 0, 0, 0, 0, 0, 1136, 0, 0, 0, 0, 1136, 0, 0, 0, 1177, 1177, 1177, 0, 0, 0, 1136, 0, 0, 0, 0, 1136, 0, 0, 0, 0, 0, 0, 0, 0, 0, 1177, 1177, 0, 0, 0, 0, 0, 0, 0, 1177, 1177, 0, 0, 0, 0, 0, 0, 0, 0, 0, 1136, 0, 0, 0, 0, 1136, 0, 0, 0, 1177, 1177, 1177, 0, 0, 0, 1136, 0, 0, 0, 0, 1136, 0, 0, 0, 0, 1136, 1136, 1136, 1136, 1136, 1136, 1136, 1136, 1136, 1136, 1136, 1136, 1136, 1136, 1136, 1136, 1136, 1136, 1136, 1136, 1177, 0, 0, 1177, 1177, 1136, 0, 0, 0, 0, 1136, 0, 0, 1136, 1136, 1136, 1136, 1136, 1136, 1136, 1136, 0, 0, 0, 0, 1136, 0, 0, 0, 0, 1136, 0, 0, 0, 0, 0, 0, 0, 0, 0, 0, 0, 0, 0, 0, 0, 0, 0, 0, 1136, 1177, 0, 0, 1177, 1177, 1136, 0, 0, 0, 0, 1136, 0, 0, 1136, 0, 0, 0, 0, 0, 0, 0, 0, 0, 1136, 1136, 1136, 0, 0, 0, 0, 1136, 0, 0, 0, 0, 0, 0, 0, 0, 0, 0, 0, 0, 0, 0, 0, 0, 0, 0, 1136, 1177, 0, 0, 1177, 1177, 1136, 0, 0, 0, 0, 1136, 0, 0, 1136, 0, 0, 0, 0, 0, 0, 0, 0, 0, 1136, 1177, 1177, 0, 0, 0, 0, 1136, 0, 0, 0, 0, 0, 0, 0, 0, 0, 0, 0, 0, 0, 0, 0, 0, 0, 0, 1136, 1177, 0, 0, 1177, 1177, 1136, 0, 0, 0, 0, 1136, 0, 0, 1136, 1136, 1136, 1136, 1136, 1136, 1177, 1177, 1136, 1136, 1136, 1177, 1177, 0, 0, 0, 0, 1136, 0, 0, 0, 0, 0, 0, 0, 0, 0, 0, 0, 0, 0, 0, 0, 0, 0, 0, 1136, 1177, 0, 0, 1177, 1177, 1136, 0, 0, 0, 0, 1136, 0, 0, 0, 0, 1177, 1177, 0, 0, 0, 0, 0, 0, 0, 0, 0, 0, 0, 0, 0, 1136, 0, 0, 0, 0, 0, 0, 0, 0, 0, 0, 0, 0, 0, 0, 0, 0, 0, 0, 1136, 1177, 0, 0, 1177, 1177, 1136, 0, 0, 0, 0, 1136, 0, 0, 0, 0, 1177, 1177, 0, 0, 0, 0, 0, 0, 0, 0, 0, 0, 0, 1177, 1177, 1136, 0, 0, 0, 0, 0, 0, 0, 0, 0, 0, 0, 0, 0, 0, 0, 0, 0, 0, 1136, 0, 0, 0, 0, 0, 1136, 0, 0, 0, 0, 1136, 0, 0, 0, 0, 1177, 1177, 0, 0, 0, 0, 0, 0, 0, 0, 0, 0, 0, 1177, 1177, 1136, 0, 0, 0, 0, 0, 0, 0, 0, 0, 0, 0, 0, 0, 0, 0, 0, 0, 0, 1136, 0, 0, 0, 0, 0, 1136, 0, 0, 0, 0, 1136, 0, 0, 0, 0, 0, 0, 0, 0, 1177, 1177, 0, 0, 1177, 1177, 1177, 0, 0, 1177, 1177, 1136, 0, 0, 0, 0, 0, 0, 0, 0, 0, 0, 0, 0, 0, 0, 0, 0, 0, 0, 1136, 1137, 1137, 1137, 1137, 1137, 1136, 0, 0, 0, 0, 1136, 1136, 1136, 1136, 1136, 1136, 1136, 1136, 1136, 1136, 1136, 1136, 1136, 1136, 1136, 1136, 1136, 1136, 1136, 1136, 1136, 0, 0, 0, 0, 0, 0, 0, 0, 0, 0, 0, 0, 0, 0, 0, 0, 0, 0, 1136, 1138, 1138, 1138, 1138, 1138, 1136, 0, 0, 0, 0, 0, 0, 0, 0, 0, 0, 0, 0, 0, 0, 0, 0, 0, 0, 0, 0, 0, 0, 0, 0, 0, 0, 0, 0, 0, 0, 0, 0, 0, 0, 0, 0, 0, 0, 0, 0, 0, 0, 0, 1136, 0, 0, 0, 0, 0, 1136, 0, 0, 0, 0, 0, 0, 0, 0, 0, 0, 0, 0, 0, 0, 0, 0, 0, 0, 0, 0, 0, 0, 0, 0, 0, 0, 0, 0, 0, 0, 0, 0, 0, 0, 0, 0, 0, 0, 0, 0, 0, 0, 0, 1136, 0, 0, 0, 0, 0, 1136, 0, 0, 0, 0, 0, 0, 0, 0, 0, 0, 0, 0, 0, 0, 0, 0, 0, 0, 0, 0, 0, 0, 0, 0, 0, 0, 0, 0, 0, 0, 0, 0, 0, 0, 0, 0, 0, 0, 0, 0, 0, 0, 0, 1136, 0, 0, 0, 0, 0, 1136, 0, 0, 0, 0, 0, 0, 0, 0, 0, 0, 0, 0, 0, 0, 0, 0, 0, 0, 0, 0, 0, 0, 0, 0, 0, 0, 0, 0, 0, 0, 0, 0, 0, 0, 0, 0, 0, 0, 0, 0, 0, 0, 0, 1136, 0, 0, 0, 0, 0, 1136, 0, 0],
         "height":30,
         "id":13,
         "name":"solid",
         "opacity":0.3,
         "type":"tilelayer",
         "visible":true,
         "width":50,
         "x":0,
         "y":0
        }, 
        {
         "draworder":"topdown",
         "id":15,
         "name":"secret",
         "objects":[],
         "opacity":1,
         "type":"objectgroup",
         "visible":true,
         "x":0,
         "y":0
        }, 
        {
         "color":"#006060",
         "draworder":"topdown",
         "id":3,
         "name":"trigger",
         "objects":[],
         "opacity":1,
         "type":"objectgroup",
         "visible":true,
         "x":0,
         "y":0
        }, 
        {
         "color":"#0055ff",
         "draworder":"topdown",
         "id":4,
         "name":"water",
         "objects":[],
         "opacity":1,
         "type":"objectgroup",
         "visible":true,
         "x":0,
         "y":0
        }, 
        {
         "draworder":"topdown",
         "id":12,
         "name":"actor",
         "objects":[
                {
                 "gid":199,
                 "height":16,
                 "id":642,
                 "name":"",
                 "rotation":0,
                 "type":"",
                 "visible":true,
                 "width":16,
                 "x":48,
                 "y":96
                }, 
                {
                 "gid":263,
                 "height":16,
                 "id":643,
                 "name":"ColorSwitch,0",
                 "rotation":0,
                 "type":"",
                 "visible":true,
                 "width":16,
                 "x":696,
                 "y":384
                }],
         "opacity":1,
         "type":"objectgroup",
         "visible":true,
         "x":0,
         "y":0
        }],
 "nextlayerid":17,
 "nextobjectid":644,
 "orientation":"orthogonal",
 "properties":[
        {
         "name":"author",
         "type":"string",
         "value":"???????????????????"
        }, 
        {
         "name":"code",
         "type":"string",
         "value":"drawBG = dbgglitch\nsongPlay(musair)\ngfxOverrideFL()"
        }],
 "renderorder":"right-down",
 "tiledversion":"1.7.2",
 "tileheight":16,
 "tilesets":[
        {
         "columns":11,
         "firstgid":1,
         "image":"..\/..\/res\/gfx\/icecavetiles.png",
         "imageheight":288,
         "imagewidth":176,
         "margin":0,
         "name":"icecave",
         "spacing":0,
         "tilecount":198,
         "tileheight":16,
         "tilewidth":16
        }, 
        {
         "columns":8,
         "firstgid":199,
         "image":"..\/..\/res\/gfx\/actors.png",
         "imageheight":160,
         "imagewidth":128,
         "margin":0,
         "name":"actors",
         "spacing":0,
         "tilecount":80,
         "tileheight":16,
         "tilewidth":16
        }, 
        {
         "columns":29,
         "firstgid":279,
         "image":"..\/..\/res\/gfx\/tsGrasstop.png",
         "imageheight":208,
         "imagewidth":464,
         "margin":0,
         "name":"grass",
         "spacing":0,
         "tilecount":377,
         "tileheight":16,
         "tilewidth":16
        }, 
        {
         "columns":6,
         "firstgid":656,
         "image":"gfx\/pipetiles_red.png",
         "imageheight":192,
         "imagewidth":96,
         "margin":0,
         "name":"pipes",
         "spacing":0,
         "tilecount":72,
         "tileheight":16,
         "tilewidth":16
        }, 
        {
         "columns":12,
         "firstgid":728,
         "image":"gfx\/igloo2.png",
         "imageheight":80,
         "imagewidth":192,
         "margin":0,
         "name":"igloo",
         "spacing":0,
         "tilecount":60,
         "tileheight":16,
         "tilewidth":16
        }, 
        {
         "columns":29,
         "firstgid":788,
         "image":"gfx\/FLSnow.png",
         "imageheight":176,
         "imagewidth":464,
         "margin":0,
         "name":"snow",
         "spacing":0,
         "tilecount":319,
         "tileheight":16,
         "tilewidth":16
        }, 
        {
         "columns":5,
         "firstgid":1107,
         "image":"..\/..\/res\/gfx\/signpost.png",
         "imageheight":80,
         "imagewidth":80,
         "margin":0,
         "name":"sign",
         "spacing":0,
         "tilecount":25,
         "tileheight":16,
         "tilewidth":16
        }, 
        {
         "columns":2,
         "firstgid":1132,
         "image":"..\/..\/res\/gfx\/goal.png",
         "imageheight":32,
         "imagewidth":32,
         "margin":0,
         "name":"goal",
         "spacing":0,
         "tilecount":4,
         "tileheight":16,
         "tilewidth":16
        }, 
        {
         "columns":5,
         "firstgid":1136,
         "image":"..\/..\/res\/gfx\/solid.png",
         "imageheight":192,
         "imagewidth":80,
         "margin":0,
         "name":"solid",
         "spacing":0,
         "tilecount":60,
         "tileheight":16,
         "tilewidth":16
        }, 
        {
         "columns":4,
         "firstgid":1196,
         "image":"gfx\/glitchtile.png",
         "imageheight":64,
         "imagewidth":64,
         "margin":0,
         "name":"glitchtile",
         "spacing":0,
         "tilecount":16,
         "tileheight":16,
         "tilewidth":16
        }],
 "tilewidth":16,
 "type":"map",
 "version":"1.6",
 "width":50
}