{
	"info" : {
		"welcome2" :
		"Hello! Welcome to the frostlands, a pack of levels made for more experenced players, So you haven't already, I suggest playing the main storymode first. Anyways, good luck!",
		"Fish" :
		"Collect all the fish in this level to be able to reach the exit!",
		"poo" :
		"This level sucks.",
		"Ftwo" :
		"Blocks in the way aren't vanishing? That means you didn't collect all fish. Try again"
	},
	"level" : {
		"fw-t0" : "Icey outpost",
		"fw-t1" : "Chill docks",
		"fw-t2" : "Doll shrine",
		"fw-t3" : "Ice-burg",
		"fw-t4" : "Lost tower",
		"fw-t5" : "idk what to call this either :v",
		"fw-t6" : "awesome placeholder name",
		"Fw-s" : "Into the void",
		"Fw-1" : "Noted",
		"Fw-2" : "Roots",
		"Fw-3" : "Fire & Ice",
		"Fw-3b" : "Blast off!",
		"Fw-4" : "Supernovae",
		"Fw-5" : "Lost Ruins",
		"Fw-6" : "I wanna be the penguin",
		"Fw-7" : "Ocean cliffs",
		"Fw-8" : "Permafrost",
		"Fw-9" : "Short fuse",
		"Fw-10" : "Sunshine shore",
		"Fw-11" : "Through the stones",
		"Fw-12" : "Hydropower",
		"Fw-13" : "Tux's meltdown",
		"Fw-14" : "King of fire",
		"B-1" : "NeverCity",
		"B-2" : "freezing point",
		"B-3" : "Down you go!",
		"B-4" : "Valley in the sky",
		"Fw-test" : "test"
	},
	"npc" : {
		"null" : "",
		"rad-A" :
		"The snow here is like, all purple and stuff... super weird. Also be sure to talk to sam, he wants to show you something.",
		"Sam-A" :
		"Oh- hello there. For some reason the normally peacefull frostlands have become purple, and much more dangerous. So I would suggest taking the muffin from that block, to help you out.",
		"fire-A" :
		"Hey, im the one managing the port at the moment. I don't have any boats, but I do have a few items for you.",
		"fire-B" :
		"I heard if you walk to the Left of the first Forest level, there's some magical ruins. When I have the chance, im gonna go check it out for myself.",
		"mrq" :
		"Hai! I'm Marqies. Welcome to the Doll shrine! Something Cool is in this box.",
		"mark" :
		"...",
		"Frost" :
		"Oh, hello there Tux. I need to inform you of something. Above the level roots, there's a few hidden levels. One of them even has a powerup not normally found in the frostlands, the air feather. go check it out",
		"mrq2" :
		"Looks like something or someone is on the Burger place, I wonder how they got up there",
		"mark2" :
		"After many years, I discovered a new kind of powerup, a kind never seen before on the frostlands up unitil this point. What? You've seen this before?",
		"brg-flame" :
		"I think these burgers would be better if they were actually.. You know.. Cooked. ",
		"brg-terry" :
		"Hey hey hey! Welcome to my Ice-burger shop! It's a fresh fish in a bun! ....and also a little cheese. Care to try one?",
		"tuc" :
		"Im     eVil                                          TuckLes",
		"nin" :
		"Hey! what are you doing up here??",
		"harold" :
		"Why hello fellow cheater!!",
		"slm" :
		"May I offer you a cup of tea? No? Well that's too bad.",
		"placeholder" :
		"This is placeholder text"
		},
		
	"devcom" : {
		"chance" :
		"FrostC:The first level made for Frostlands. And it's pretty good, even compared to many of the recent levels.",
		"roots" :
		"FrostC: This level is a combo of a bunch levels from the original Supertux. Also, random fact. This level was created after all the other ones on the purple ice island.",
		"distaste" :
		"FrostC: When I orignally made this level, I didn't like it that much. Which is actually the reason I made blast off, to give players another option if they found this level too hard. However, after a few adjustments and changes I actually started to like the level a lot more",
		"move" :
		"FrostC: What are you doing reading this??? RUN!!!!!",
		"secret" :
		"FrostC: Originally. there was going to be a level after this that used all the gimmics from all the previous levels. That level was going to be the final frostlands level, however I just couldn't make it work. Also there's a coin in the pipe next to you",
		"two" :
		"FrostC: If it wasn't obvious from this first room, this level takes heavy insperation from levels in Super mario bros the lost levels, mainly 1-1.",
		"skillissue" :
		"FrostC: yes, it is possible to beat this level without getting hurt. I've done it a few times ;)",
		"lazy" :
		"FrostC: Im gonna let you in on a secret... I don't like making levels with the forest tiles. So I made a ice level for the forest world. So yeah, take that as you will.",
		"PipesC" :
		"FrostC: If you are able to, please turn on lighting for this level. It will let you see the very cool and awesome pipe transitions I made. I'm very happy how they look.",
		"oceanC" :
		"FrostC: Don't really have anything to say about this level, besides that I think it looks cool.",
		"Pipes" :
		"FrostC: If you are able to, please turn on lighting for this level. It will let you see the very cool and awesome pipe transitions I made. I'm very happy how they look.",
		"lololol" :
		"FrostC: Made this level due to someone saying they wanted to see the air feather be used in Frostlands."
	}
}